2025-11-26_14-24-42,0,draft.py:2025-11-26_14-24-42
2025-11-26_14-24-48,---,draft.py:2025-11-26_14-24-42
2025-11-27_09-18-23,0,draft.py:2025-11-27_09-18-23
2025-11-27_09-18-44,0,draft.py:2025-11-27_09-18-23
2025-11-27_09-18-49,---,draft.py:2025-11-27_09-18-23
2025-11-27_09-24-39,0,draft.py:2025-11-27_09-24-39
2025-11-27_09-24-50,0,draft.py:2025-11-27_09-24-39
2025-11-27_09-25-37,0,draft.py:2025-11-27_09-25-37
2025-11-27_09-26-00,0,draft.py:2025-11-27_09-26-00
2025-11-27_09-26-44,0,draft.py:2025-11-27_09-26-44
2025-11-27_09-27-59,0,draft.py:2025-11-27_09-27-59
2025-11-27_09-59-49,0,draft.py:2025-11-27_09-59-49
2025-11-27_10-09-20,0,draft.py:2025-11-27_10-09-20
2025-11-27_10-09-48,---,draft.py:2025-11-27_10-09-20
2025-11-27_10-10-11,0,draft.py:2025-11-27_10-10-11
2025-11-27_10-10-25,0,draft.py:2025-11-27_10-10-25
2025-11-27_10-10-42,40,draft.py:2025-11-27_10-10-42
