2025-11-26_14-26-59,0,draft.py:2025-11-26_14-26-59
2025-11-26_14-27-02,---,draft.py:2025-11-26_14-26-59
2025-11-26_15-12-31,0,draft.py:2025-11-26_14-26-59
2025-11-27_08-37-59,0,draft.py:2025-11-26_14-26-59
2025-11-27_09-03-01,0,draft.py:2025-11-26_14-26-59
2025-11-27_09-13-40,0,draft.py:2025-11-26_14-26-59
2025-11-27_09-16-00,0,draft.py:2025-11-26_14-26-59
2025-11-27_09-16-12,0,draft.py:2025-11-26_14-26-59
2025-11-27_09-16-12,0,draft.py:2025-11-26_14-26-59
2025-11-27_09-16-13,0,draft.py:2025-11-26_14-26-59
2025-11-27_09-16-13,0,draft.py:2025-11-26_14-26-59
2025-11-27_09-16-13,0,draft.py:2025-11-26_14-26-59
2025-11-27_09-16-14,0,draft.py:2025-11-26_14-26-59
2025-11-27_09-16-14,0,draft.py:2025-11-26_14-26-59
2025-11-27_09-16-14,0,draft.py:2025-11-26_14-26-59
2025-11-27_09-16-29,0,draft.py:2025-11-26_14-26-59
2025-11-27_09-17-14,---,draft.py:2025-11-26_14-26-59
2025-11-28_14-42-31,0,draft.py:2025-11-28_14-42-31
2025-11-28_14-46-56,0,draft.py:2025-11-28_14-46-56
2025-11-28_15-01-44,0,draft.py:2025-11-28_15-01-44
